<?xml version="1.0" encoding="UTF-8"?>
<beans xmlns="http://www.springframework.org/schema/beans"
	xmlns:xsi="http://www.w3.org/2001/XMLSchema-instance"
	xmlns:context="http://www.springframework.org/schema/context"
	xmlns:mvc="http://www.springframework.org/schema/mvc"
	xmlns:p="http://www.springframework.org/schema/p"
	xsi:schemaLocation="http://www.springframework.org/schema/beans
			http://www.springframework.org/schema/beans/spring-beans.xsd
  			http://www.springframework.org/schema/mvc
			http://www.springframework.org/schema/mvc/spring-mvc.xsd
       		http://www.springframework.org/schema/context
       		http://www.springframework.org/schema/context/spring-context.xsd"
	default-lazy-init="true">
	
	<!-- 通过mvc:resources设置静态资源，这样servlet就会处理这些静态资源，而不通过控制器 -->
	<!-- 设置不过滤内容，比如:css,jquery,img 等资源文件 -->
	<mvc:resources location="/*.html" mapping="/**.html" />
	<mvc:resources location="/css/*" mapping="/css/**" />
	<mvc:resources location="/js/*" mapping="/js/**" />
	<mvc:resources location="/images/*" mapping="/images/**" />
	
	<!-- 启用spring mvc 注解 -->
    <context:annotation-config />
	<!-- 添加注解驱动 -->
	<mvc:annotation-driven />
	<!-- 默认扫描的包路径 -->
	<context:component-scan base-package="spring.demo" />
	
	 <!-- 完成请求和注解POJO的映射 -->
    <bean class="org.springframework.web.servlet.mvc.annotation.AnnotationMethodHandlerAdapter" />
	
	 <!-- 处理器映射 HandlerMapping -->
    <bean class="org.springframework.web.servlet.handler.BeanNameUrlHandlerMapping"/>
	
	<!-- mvc:view-controller可以在不需要Controller处理request的情况，转向到设置的View -->
	<!-- 像下面这样设置，如果请求为/index，则不通过controller，而直接解析为/index.jsp -->
	<mvc:view-controller path="/index" view-name="index" />
	<bean class="org.springframework.web.servlet.view.UrlBasedViewResolver">
		<property name="viewClass" value="org.springframework.web.servlet.view.JstlView"></property>
		<!-- 配置jsp路径前缀 -->
		<property name="prefix" value="/"></property>
		<!-- 配置URl后缀 -->
		<property name="suffix" value=".jsp"></property>
	</bean>
	
</beans>